WikidataITEM,CountryIsoCode,countryLabel,WikidataLabel,Continent,FormerColony,hdi,mobilityScore,loc,lat,long
http://www.wikidata.org/entity/Q16,CAN,Canada,Canada,North_America,,929.0,110.0,Canada,61.0666922,-107.991707
http://www.wikidata.org/entity/Q697,NRU,Nauru,Nauru,Oceania,,,68.0,Naoero,-0.5252306,166.9324426
http://www.wikidata.org/entity/Q804,PAN,Panama,Panama,Latin_America_and_Caribbean,True,815.0,82.0,Panamá,8.559559,-81.1308434
http://www.wikidata.org/entity/Q970,COM,Comoros,Comoros,Africa,True,554.0,48.0,Comores Komori جزر القمر,-12.2045176,44.2832964
http://www.wikidata.org/entity/Q41,GRC,Greece,Greece,Europe,,888.0,133.0,Ελλάς,38.9953683,21.9877132
http://www.wikidata.org/entity/Q258,ZAF,South Africa,South Africa,Africa,True,709.0,83.0,South Africa,-28.8166236,24.991639
,,Réunion,,,,,,"La Réunion, France",-21.130737949999997,55.536480112992315
http://www.wikidata.org/entity/Q242,BLZ,Belize,Belize,Latin_America_and_Caribbean,True,716.0,77.0,Belize,16.8259793,-88.7600927
http://www.wikidata.org/entity/Q983,GNQ,Equatorial Guinea,Equatorial Guinea,Africa,True,592.0,50.0,Guinea Ecuatorial,1.613172,10.5170357
http://www.wikidata.org/entity/Q252,IDN,Indonesia,Indonesia,Asia,True,718.0,65.0,Indonesia,-2.4833826,117.8902853
http://www.wikidata.org/entity/Q1050,SWZ,Eswatini,Eswatini,Africa,True,611.0,62.0,eSwatini,-26.5624806,31.3991317
http://www.wikidata.org/entity/Q218,ROU,Romania,Romania,Europe,,828.0,127.0,România,45.9852129,24.6859225
http://www.wikidata.org/entity/Q214,SVK,Slovakia,Slovakia,Europe,,0.86,131.0,Slovensko,48.7411522,19.4528646
http://www.wikidata.org/entity/Q678,TON,Tonga,Tonga,Oceania,,725.0,77.0,Tonga,-19.9160819,-175.202642
http://www.wikidata.org/entity/Q29,ESP,Spain,Spain,Europe,,904.0,135.0,España,39.3260685,-4.8379791
http://www.wikidata.org/entity/Q769,GRD,Grenada,Grenada,Latin_America_and_Caribbean,True,779.0,82.0,Grenada,12.1360374,-61.6904045
,,Montserrat,,,,,,Montserrat,16.7417041,-62.1916844
http://www.wikidata.org/entity/Q1036,UGA,Uganda,Uganda,Africa,True,544.0,58.0,Uganda,1.5333554,32.2166578
http://www.wikidata.org/entity/Q760,LCA,Saint Lucia,Saint Lucia,Latin_America_and_Caribbean,True,759.0,84.0,Saint Lucia,13.8250489,-60.975036
http://www.wikidata.org/entity/Q954,ZWE,Zimbabwe,Zimbabwe,Africa,True,571.0,58.0,Zimbabwe,-18.4554963,29.7468414
,,Svalbard and Jan Mayen,,,,,,"Svalbard og Jan Mayen, 9170, Norge",78.51240265,16.605574070831505
,,Dronning Maud Land,,,,,,Dronning Maud Land,-72.5028409,12.5
http://www.wikidata.org/entity/Q1033,NGA,Nigeria,Nigeria,Africa,True,539.0,44.0,Nigeria,9.6000359,7.9999721
http://www.wikidata.org/entity/Q39,CHE,Switzerland,Switzerland,Europe,,955.0,135.0,Schweiz/Suisse/Svizzera/Svizra,46.7985624,8.2319736
,,Johnston Island,,,,,,"Johnston Island, United States",16.72889585,-169.53386420606287
http://www.wikidata.org/entity/Q117,GHA,Ghana,Ghana,Africa,True,611.0,59.0,Ghana,8.0300284,-1.0800271
http://www.wikidata.org/entity/Q962,BEN,Benin,Benin,Africa,True,545.0,53.0,Bénin,9.5293472,2.2584408
,,Guadeloupe,,,,,,"Guadeloupe, France",16.2528827,-61.5686855
http://www.wikidata.org/entity/Q842,OMN,Oman,Oman,Asia,True,813.0,69.0,عمان,21.0000287,57.0036901
http://www.wikidata.org/entity/Q347,LIE,Liechtenstein,Liechtenstein,Europe,,919.0,128.0,Liechtenstein,47.1416307,9.5531527
http://www.wikidata.org/entity/Q184,BLR,Belarus,Belarus,Europe,,823.0,71.0,Беларусь,53.4250605,27.6971358
http://www.wikidata.org/entity/Q31,BEL,Belgium,Belgium,Europe,,931.0,134.0,België / Belgique / Belgien,50.6402809,4.6667145
,,Panama Canal Zone,,,,,,"Canal Zone, Avenida B, Barrio Chino, Santa Ana, San Felipe, Distrito Panamá, Panamá, 0823, Panamá",8.9536841,-79.5376179437931
http://www.wikidata.org/entity/Q414,ARG,Argentina,Argentina,Latin_America_and_Caribbean,True,845.0,98.0,Argentina,-34.9964963,-64.9672817
http://www.wikidata.org/entity/Q754,TTO,Trinidad and Tobago,Trinidad and Tobago,Latin_America_and_Caribbean,True,796.0,87.0,Trinidad and Tobago,10.7466905,-61.0840075
http://www.wikidata.org/entity/Q408,AUS,Australia,Australia,Oceania,,944.0,127.0,Australia,-24.7761086,134.755
http://www.wikidata.org/entity/Q228,AND,Andorra,Andorra,Europe,,868.0,115.0,Andorra,42.5407167,1.5732033
,,Guernsey,,,,,,Guernsey,49.4566233,-2.5822348
http://www.wikidata.org/entity/Q28,HUN,Hungary,Hungary,Europe,,854.0,133.0,Magyarország,47.1817585,19.5060937
http://www.wikidata.org/entity/Q837,NPL,Nepal,Nepal,Asia,False,602.0,42.0,नेपाल,28.1083929,84.0917139
http://www.wikidata.org/entity/Q783,HND,Honduras,Honduras,Latin_America_and_Caribbean,True,634.0,75.0,Honduras,15.2572432,-86.0755145
http://www.wikidata.org/entity/Q974,COD,Democratic Republic of the Congo,Democratic Republic of the Congo,Africa,True,0.48,44.0,République démocratique du Congo,-2.9814344,23.8222636
http://www.wikidata.org/entity/Q1049,SDN,Sudan,Sudan,Africa,True,0.51,43.0,السودان,14.5844444,29.4917691
,,Pitcairn Islands,,,,,,Pitcairn Islands,-25.0657719,-130.101782
http://www.wikidata.org/entity/Q265,UZB,Uzbekistan,Uzbekistan,Asia,True,0.72,57.0,Oʻzbekiston,41.32373,63.9528098
http://www.wikidata.org/entity/Q30,USA,United States,United States of America,North_America,,926.0,106.0,United States,39.7837304,-100.445882
http://www.wikidata.org/entity/Q733,PRY,Paraguay,Paraguay,Latin_America_and_Caribbean,True,728.0,84.0,Paraguay / Paraguái,-23.3165935,-58.1693445
http://www.wikidata.org/entity/Q1000,GAB,Gabon,Gabon,Africa,True,703.0,52.0,Gabon,-0.8999695,11.6899699
http://www.wikidata.org/entity/Q1016,LBY,Libya,Libya,Africa,True,724.0,43.0,ليبيا,26.8234472,18.1236723
http://www.wikidata.org/entity/Q1042,SYC,Seychelles,Seychelles,Africa,True,796.0,90.0,Sesel,-4.6574977,55.4540146
http://www.wikidata.org/entity/Q928,PHL,Philippines,Philippines,Asia,True,718.0,53.0,Philippines,12.7503486,122.7312101
,,Isle of Man,,,,,,Isle of Man,54.1936805,-4.5591148
http://www.wikidata.org/entity/Q423,PRK,North Korea,North Korea,Asia,True,,43.0,조선민주주의인민공화국,40.3736611,127.0870417
http://www.wikidata.org/entity/Q419,PER,Peru,Peru,Latin_America_and_Caribbean,True,777.0,84.0,Perú,-6.8699697,-75.0458515
http://www.wikidata.org/entity/Q1014,LBR,Liberia,Liberia,Africa,True,0.48,47.0,Liberia,5.7499721,-9.3658524
http://www.wikidata.org/entity/Q736,ECU,Ecuador,Ecuador,Latin_America_and_Caribbean,True,759.0,75.0,Ecuador,-1.3397668,-79.3666965
,,Metropolitan France,,,,,,"France métropolitaine, France",46.819274199999995,1.8746201195586674
,,Bermuda,,,,,,Bermuda,32.30382,-64.7561647
http://www.wikidata.org/entity/Q921,BRN,Brunei,Brunei,Asia,True,838.0,92.0,Brunei,4.4137155,114.5653908
,,Gilbert and Ellice Islands,,,,,,,,
http://www.wikidata.org/entity/Q236,MNE,Montenegro,Montenegro,Europe,,829.0,73.0,Crna Gora / Црна Гора,42.9868853,19.5180992
http://www.wikidata.org/entity/Q851,SAU,Saudi Arabia,Saudi Arabia,Asia,False,854.0,70.0,السعودية,25.6242618,42.3528328
http://www.wikidata.org/entity/Q672,TUV,Tuvalu,Tuvalu,Oceania,,,76.0,Tuvalu,-8.6405212,179.1582918181797
http://www.wikidata.org/entity/Q213,CZE,Czechia,Czech Republic,Europe,,0.9,132.0,Česko,49.7439047,15.3381061
http://www.wikidata.org/entity/Q298,CHL,Chile,Chile,Latin_America_and_Caribbean,True,851.0,98.0,Chile,-31.7613365,-71.3187697
http://www.wikidata.org/entity/Q778,BHS,Bahamas,The Bahamas,Latin_America_and_Caribbean,True,814.0,92.0,The Bahamas,24.7736546,-78.0000547
http://www.wikidata.org/entity/Q683,WSM,Samoa,Samoa,Oceania,,715.0,77.0,Sāmoa,-13.7693895,-172.12005
,,Martinique,,,,,,"Martinique, France",14.6367927,-61.01582685063731
http://www.wikidata.org/entity/Q184,,Belarus,Belarus,,,823.0,71.0,Беларусь,53.4250605,27.6971358
http://www.wikidata.org/entity/Q953,ZMB,Zambia,Zambia,Africa,True,584.0,63.0,Zambia,-14.5189121,27.5589884
http://www.wikidata.org/entity/Q262,DZA,Algeria,Algeria,Africa,True,748.0,53.0,Algérie / ⵍⵣⵣⴰⵢⴻⵔ / الجزائر,28.0000272,2.9999825
http://www.wikidata.org/entity/Q766,JAM,Jamaica,Jamaica,Latin_America_and_Caribbean,True,734.0,76.0,Jamaica,18.1850507,-77.3947693
http://www.wikidata.org/entity/Q34,SWE,Sweden,Sweden,Europe,,945.0,134.0,Sverige,59.6749712,14.5208584
http://www.wikidata.org/entity/Q1020,MWI,Malawi,Malawi,Africa,True,483.0,63.0,Malawi,-13.2687204,33.9301963
http://www.wikidata.org/entity/Q40,AUT,Austria,Austria,Europe,,922.0,134.0,Österreich,47.59397,14.12456
,,Dahomey,,,,,,Bénin,9.5293472,2.2584408
http://www.wikidata.org/entity/Q142,FRA,France,France,Europe,,901.0,133.0,France,46.603354,1.8883335
http://www.wikidata.org/entity/Q929,CAF,Central African Republic,Central African Republic,Africa,True,397.0,47.0,Ködörösêse tî Bêafrîka - République Centrafricaine,7.0323598,19.9981227
,,Faroes,,,,,,Føroyar,62.0448724,-7.0322972
http://www.wikidata.org/entity/Q822,LBN,Lebanon,Lebanon,Asia,True,744.0,44.0,لبنان,33.8750629,35.843409
,,United States Minor Outlying Islands,,,,,,"United States Minor Outlying Islands, United States",16.7288207,-169.5333824
http://www.wikidata.org/entity/Q1037,RWA,Rwanda,Rwanda,Africa,True,543.0,59.0,Rwanda,-1.9646631,30.0644358
http://www.wikidata.org/entity/Q224,HRV,Croatia,Croatia,Europe,,851.0,127.0,Hrvatska,45.3658443,15.6575209
,,Turks and Caicos Islands,,,,,,Turks and Caicos Islands,21.721746,-71.5527809
http://www.wikidata.org/entity/Q819,LAO,Laos,Laos,Asia,True,613.0,46.0,ປະເທດລາວ,20.0171109,103.378253
,,US Virgin Islands,,,,,,"United States Virgin Islands, United States",17.789187,-64.7080574
http://www.wikidata.org/entity/Q889,AFG,Afghanistan,Afghanistan,Asia,False,511.0,30.0,افغانستان,33.7680065,66.2385139
http://www.wikidata.org/entity/Q977,DJI,Djibouti,Djibouti,Africa,True,524.0,45.0,Djibouti جيبوتي,11.8145966,42.8453061
http://www.wikidata.org/entity/Q796,IRQ,Iraq,Iraq,Asia,True,674.0,31.0,العراق,33.0955793,44.1749775
http://www.wikidata.org/entity/Q398,BHR,Bahrain,Bahrain,Asia,True,852.0,75.0,البحرين,26.1551249,50.5344606
http://www.wikidata.org/entity/Q26273,SXM,Sint Maarten,Sint Maarten,Latin_America_and_Caribbean,True,,,"Sint Maarten, Nederland",18.0423736,-63.0549948
http://www.wikidata.org/entity/Q878,ARE,United Arab Emirates,United Arab Emirates,Asia,True,0.89,120.0,الإمارات العربية المتحدة,24.0002488,53.9994829
,,"Saint Helena, Ascension and Tristan da Cunha",,,,,,"Saint Helena, Sandy Bay, Saint Helena, STHL 1ZZ, Saint Helena, Ascension and Tristan da Cunha",-15.9694573,-5.7129442
,,British Antarctic Territory,,,,,,British Antarctic Territory,-72.5028409,-50.0
,,Zaire,,,,,,République démocratique du Congo,-2.9814344,23.8222636
http://www.wikidata.org/entity/Q244,BRB,Barbados,Barbados,Latin_America_and_Caribbean,True,814.0,96.0,Barbados,13.1500331,-59.5250305
http://www.wikidata.org/entity/Q710,KIR,Kiribati,Kiribati,Oceania,,0.63,74.0,Kiribati,0.3448612,173.6641773
http://www.wikidata.org/entity/Q27,IRL,Ireland,Ireland,Europe,,955.0,134.0,Éire / Ireland,52.865196,-7.9794599
,,US Miscellaneous Pacific Islands,,,,,,,,
http://www.wikidata.org/entity/Q874,TKM,Turkmenistan,Turkmenistan,Asia,True,715.0,52.0,Türkmenistan,39.3763807,59.3924609
http://www.wikidata.org/entity/Q1011,CPV,Cabo Verde,Cape Verde,Africa,True,665.0,59.0,Cabo Verde,16.0000552,-24.0083947
,,Heard Island and McDonald Islands,,,,,,"Heard Island and McDonald Islands, Australia",-53.0166353,72.955751
http://www.wikidata.org/entity/Q717,VEN,Venezuela,Venezuela,Latin_America_and_Caribbean,True,711.0,79.0,Venezuela,8.0018709,-66.1109318
,,Cocos (Keeling) Islands,,,,,,"Cocos (Keeling) Islands / Pulu Kokos (Keeling), Australia",-12.0728315,96.8409375
http://www.wikidata.org/entity/Q986,ERI,Eritrea,Eritrea,Africa,True,459.0,41.0,ኤርትራ Eritrea إرتريا,15.9500319,37.9999668
http://www.wikidata.org/entity/Q686,VUT,Vanuatu,Vanuatu,Oceania,,609.0,78.0,Vanuatu,-16.5255069,168.1069154
http://www.wikidata.org/entity/Q155,BRA,Brazil,Brazil,Latin_America_and_Caribbean,True,765.0,101.0,Brasil,-10.3333333,-53.2
http://www.wikidata.org/entity/Q685,SLB,Solomon Islands,Solomon Islands,Oceania,,567.0,80.0,Solomon Islands,-8.7053941,159.1070693851845
http://www.wikidata.org/entity/Q241,CUB,Cuba,Cuba,Latin_America_and_Caribbean,True,783.0,60.0,Cuba,23.0131338,-80.8328748
http://www.wikidata.org/entity/Q233,MLT,Malta,Malta,Europe,,895.0,130.0,Malta,35.8885993,14.4476911
http://www.wikidata.org/entity/Q711,MNG,Mongolia,Mongolia,Asia,True,737.0,54.0,Монгол улс ᠮᠤᠩᠭᠤᠯ ᠤᠯᠤᠰ,46.8250388,103.8499736
http://www.wikidata.org/entity/Q38,ITA,Italy,Italy,Europe,,892.0,134.0,Italia,42.6384261,12.674297
http://www.wikidata.org/entity/Q1013,LSO,Lesotho,Lesotho,Africa,True,527.0,65.0,Lesotho,-29.6039267,28.3350193
http://www.wikidata.org/entity/Q763,KNA,Saint Kitts and Nevis,Saint Kitts and Nevis,Latin_America_and_Caribbean,True,779.0,91.0,Saint Kitts and Nevis,17.250512,-62.6725973
http://www.wikidata.org/entity/Q217,MDA,Moldova,Moldova,Europe,,,71.0,Moldova,47.2879608,28.5670941
http://www.wikidata.org/entity/Q115,ETH,Ethiopia,Ethiopia,Africa,False,485.0,42.0,ኢትዮጵያ,10.2116702,38.6521203
,,British Virgin Islands,,,,,,British Virgin Islands,18.4024395,-64.5661642
http://www.wikidata.org/entity/Q232,KAZ,Kazakhstan,Kazakhstan,Asia,True,825.0,68.0,Қазақстан,48.1012954,66.7780818
http://www.wikidata.org/entity/Q219,BGR,Bulgaria,Bulgaria,Europe,,816.0,127.0,България,42.6073975,25.4856617
http://www.wikidata.org/entity/Q21203,ABW,Aruba,Aruba,Latin_America_and_Caribbean,True,,,"Aruba, Nederland",12.51756625,-69.98186415210564
,,East Germany,,,,,,"Iron Ore Miner from the Siegerland, Germany, North Broadway Street, East Town, Milwaukee, Milwaukee County, Wisconsin, 53203, United States",43.0439394,-87.9081981
http://www.wikidata.org/entity/Q235,MCO,Monaco,Monaco,Europe,,,123.0,Monaco,43.7323492,7.4276832
http://www.wikidata.org/entity/Q96,MEX,Mexico,Mexico,Latin_America_and_Caribbean,True,779.0,92.0,México,23.6585116,-102.0077097
http://www.wikidata.org/entity/Q917,BTN,Bhutan,Bhutan,Asia,False,654.0,53.0,འབྲུགཡུལ་,27.549511,90.5119273
,,French Guiana,,,,,,"Guyane, France",4.0039882,-52.999998
,,Midway Islands,,,,,,"Midway Atoll, United States",28.2417536,-177.37543
,,Saint Barthélemy,,,,,,"Saint-Barthélemy, 97133, France",17.9036287,-62.81152921501989
http://www.wikidata.org/entity/Q1030,NAM,Namibia,Namibia,Africa,True,646.0,64.0,Namibia,-23.2335499,17.3231107
,,French Southern and Antarctic Lands,,,,,,"Terres australes et antarctiques françaises, France",-49.237441950000004,69.62275903679347
http://www.wikidata.org/entity/Q574,,East Timor,East Timor,,,,,Timór Lorosa'e / Timor-Leste,-8.7443169,126.063482
,,French Polynesia,,,,,,"Polynésie Française, France",-17.0243749,-144.6434898
http://www.wikidata.org/entity/Q33,FIN,Finland,Finland,Europe,,938.0,135.0,Suomi / Finland,63.2467777,25.9209164
,,French Afar and Issas,,,,,,,,
,,Åland Islands,,,,,,"Åland, Suomi / Finland",60.2166218,19.9438638
,,Cayman Islands,,,,,,Cayman Islands,19.703182249999998,-79.9174627243246
,,Greenland,,,,,,Kalaallit Nunaat,77.6192349,-42.8125967
,,Western Sahara,,,,,,"الصحراء الغربية, Oum Dreyga ⵓⵎ ⴷⵔⵉⴳⴰ أم ادريكة, caïdat d’Oum Dreyga قيادة أم ادريكة, Dakhla-Oued Ed-Dahab ⴷⴰⵅⵍⴰ-ⵡⴰⴷ ⴷⴰⵀⴰⴱ الداخلة-وادي الذهب, Maroc / ⵍⵎⵖⵔⵉⴱ / المغرب",24.1797324,-13.7667848
http://www.wikidata.org/entity/Q702,FSM,Micronesia,Federated States of Micronesia,Oceania,,0.62,67.0,Micronesia,8.6062347,151.832744331612
http://www.wikidata.org/entity/Q37,LTU,Lithuania,Lithuania,Europe,,882.0,131.0,Lietuva,55.3500003,23.7499997
http://www.wikidata.org/entity/Q1007,GNB,Guinea-Bissau,Guinea-Bissau,Africa,True,0.48,51.0,Guiné-Bissau,11.815215,-15.2351044
http://www.wikidata.org/entity/Q36,POL,Poland,Poland,Europe,,0.88,132.0,Polska,52.215933,19.134422
http://www.wikidata.org/entity/Q32,LUX,Luxembourg,Luxembourg,Europe,,916.0,133.0,Lëtzebuerg,49.8158683,6.1296751
,,Sikkim,,,,,,"Sikkim, India",27.601029,88.45413638680145
http://www.wikidata.org/entity/Q790,HTI,Haiti,Haiti,Latin_America_and_Caribbean,True,0.51,45.0,Ayiti,19.1399952,-72.3570972
http://www.wikidata.org/entity/Q668,IND,India,India,Asia,True,645.0,53.0,India,22.3511148,78.6677428
,,Saint Martin,,,,,,"Saint-Martin (France), 97150, France",18.0814066,-63.0467131
,,Tokelau,,,,,,Tokelau,-9.1676396,-171.819687
,,Democratic Republic of Vietnam,,,,,,"Đại sứ quán Cộng hòa Dân chủ Nhân dân Triều Tiên, 25, Phố Cao Bá Quát, Phường Điện Biên, Quận Ba Đình, Thành phố Hà Nội, 10999, Việt Nam",21.03015705,105.83879503557694
,,Norfolk Island,,,,,,"Norfolk Island, Australia",-29.0328038,167.9483137
http://www.wikidata.org/entity/Q225,BIH,Bosnia and Herzegovina,Bosnia and Herzegovina,Europe,,0.78,75.0,Bosna i Hercegovina / Босна и Херцеговина,44.3053476,17.5961467
http://www.wikidata.org/entity/Q20,NOR,Norway,Norway,Europe,,957.0,133.0,Norge,61.1529386,8.7876653
http://www.wikidata.org/entity/Q424,KHM,Cambodia,Cambodia,Asia,True,594.0,51.0,ព្រះរាជាណាចក្រ​កម្ពុជា,12.5433216,104.8144914
,,Bouvet Island,,,,,,"Bouvetøya, Norge",-54.4201305,3.3599732952297483
http://www.wikidata.org/entity/Q399,ARM,Armenia,Armenia,Asia,True,776.0,60.0,Հայաստան,40.7696272,44.6736646
,,Upper Volta,,,,,,Burkina Faso,12.0753083,-1.6880314
http://www.wikidata.org/entity/Q965,BFA,Burkina Faso,Burkina Faso,Africa,True,452.0,54.0,Burkina Faso,12.0753083,-1.6880314
http://www.wikidata.org/entity/Q836,MMR,Myanmar/Burma,Myanmar,Asia,True,583.0,41.0,မြန်မာ,17.1750495,95.9999652
http://www.wikidata.org/entity/Q858,SYR,Syria,Syria,Asia,True,567.0,32.0,سوريا,34.6401861,39.0494106
,,Jersey,,,,,,Jersey,49.2214561,-2.1358386
http://www.wikidata.org/entity/Q574,TLS,Timor-Leste,East Timor,Asia,True,606.0,57.0,Timór Lorosa'e / Timor-Leste,-8.7443169,126.063482
http://www.wikidata.org/entity/Q237,VAT,Vatican City State,Vatican City,Europe,,,113.0,Civitas Vaticana - Città del Vaticano,41.903411,12.4528527
http://www.wikidata.org/entity/Q967,BDI,Burundi,Burundi,Africa,True,433.0,49.0,Burundi,-3.426449,29.9324519
,,New Hebrides,,,,,,"Bail' Ùr Tholastaidh, Na h-Eileanan Siar, Alba / Scotland, HS2 0NN, United Kingdom",58.3545252,-6.2164994
http://www.wikidata.org/entity/Q1044,SLE,Sierra Leone,Sierra Leone,Africa,True,452.0,56.0,Sierra Leone,8.6400349,-11.8400269
http://www.wikidata.org/entity/Q865,TWN,Taiwan,Taiwan,Asia,True,,80.0,臺灣,23.9739374,120.9820179
http://www.wikidata.org/entity/Q159,RUS,Russia,Russia,Europe,,824.0,97.0,Россия,64.6863136,97.7453061
,,Trust Territory of the Pacific Islands,,,,,,,,
http://www.wikidata.org/entity/Q45,PRT,Portugal,Portugal,Europe,,864.0,133.0,Portugal,39.6621648,-8.1353519
http://www.wikidata.org/entity/Q215,SVN,Slovenia,Slovenia,Europe,,917.0,131.0,Slovenija,46.1199444,14.8153333
,,British Indian Ocean Territory,,,,,,British Indian Ocean Territory,-5.3497093499999995,71.86064227010121
http://www.wikidata.org/entity/Q800,CRI,Costa Rica,Costa Rica,Latin_America_and_Caribbean,True,0.81,87.0,Costa Rica,10.2735633,-84.0739102
,,Wake Islands,,,,,,"Future Islands Way, Wendell Falls, Wendell, Wake County, North Carolina, 27591, United States",35.7604321,-78.4272865
http://www.wikidata.org/entity/Q884,KOR,South Korea,South Korea,Asia,True,916.0,131.0,대한민국,36.638392,127.6961188
http://www.wikidata.org/entity/Q730,SUR,Suriname,Suriname,Latin_America_and_Caribbean,True,738.0,65.0,Suriname,4.1413025,-56.0771187
http://www.wikidata.org/entity/Q786,DOM,Dominican Republic,Dominican Republic,Latin_America_and_Caribbean,True,756.0,57.0,República Dominicana,19.0974031,-70.3028026
,,Clipperton,,,,,,"Île de Clipperton, France",10.30364715,-109.21632150729127
,,Anguilla,,,,,,Anguilla,18.1954947,-63.0750234
,,South Georgia and the South Sandwich Islands,,,,,,South Georgia and the South Sandwich Islands,-54.8432857,-35.8090698
http://www.wikidata.org/entity/Q948,TUN,Tunisia,Tunisia,Africa,True,0.74,64.0,تونس,33.8439408,9.400138
,,North Yemen,,,,,,"سفارة الجمهورية اليمنية, شارع جامعة الدول العربية, مسقط, 111, عمان",23.604173199999998,58.436753880263765
http://www.wikidata.org/entity/Q664,NZL,New Zealand,New Zealand,Oceania,,931.0,131.0,New Zealand/Aotearoa,-41.5000831,172.8344077
http://www.wikidata.org/entity/Q854,LKA,Sri Lanka,Sri Lanka,Asia,True,782.0,43.0,"Sri Lanka, ශ්‍රී ලංකාව இலங்கை",7.877395849999999,80.66247852355892
http://www.wikidata.org/entity/Q843,PAK,Pakistan,Pakistan,Asia,True,557.0,36.0,پاکستان,30.3308401,71.247499
http://www.wikidata.org/entity/Q774,GTM,Guatemala,Guatemala,Latin_America_and_Caribbean,True,663.0,75.0,Guatemala,15.5855545,-90.345759
,,Macau,,,,,,"澳門 Macau, 風順堂區 São Lourenço, 澳門 Macau, 519020, 中国",22.1899448,113.5380454
http://www.wikidata.org/entity/Q1045,SOM,Somalia,Somalia,Africa,True,,34.0,Soomaaliya الصومال,8.3676771,49.083416
http://www.wikidata.org/entity/Q958,SSD,South Sudan,South Sudan,Africa,True,433.0,44.0,South Sudan,7.8699431,29.6667897
,,Saint Pierre and Miquelon,,,,,,"Saint-Pierre-et-Miquelon, France",46.783246899999995,-56.195158907484085
http://www.wikidata.org/entity/Q781,ATG,Antigua and Barbuda,Antigua and Barbuda,Latin_America_and_Caribbean,True,778.0,90.0,Antigua and Barbuda,17.2234721,-61.9554608
,,Falkland Islands,,,,,,Falkland Islands,-51.9492937,-59.5383657
http://www.wikidata.org/entity/Q334,SGP,Singapore,Singapore,Asia,True,938.0,119.0,Singapore,1.357107,103.8194992
http://www.wikidata.org/entity/Q1009,CMR,Cameroon,Cameroon,Africa,True,563.0,49.0,Cameroun,4.6125522,13.1535811
http://www.wikidata.org/entity/Q17,JPN,Japan,Japan,Asia,False,919.0,129.0,日本,36.5748441,139.2394179
http://www.wikidata.org/entity/Q1005,GMB,The Gambia,The Gambia,Africa,True,496.0,59.0,Gambia,13.470062,-15.4900464
,,Soviet Union,,,,,,"Soviet Union, Strada Lacului, Slobozia, Ialomița, 920012, România",44.566633350000004,27.359792969682104
,,Burma,,,,,,မြန်မာ,17.1750495,95.9999652
http://www.wikidata.org/entity/Q16644,MNP,Northern Mariana Islands,Northern Mariana Islands,Oceania,,,,"Northern Mariana Islands, United States",15.1753648,145.7379338
http://www.wikidata.org/entity/Q43,TUR,Turkey,Turkey,Europe,,0.82,99.0,Türkiye,38.9597594,34.9249653
http://www.wikidata.org/entity/Q1028,MAR,Morocco,Morocco,Africa,True,686.0,58.0,Maroc / ⵍⵎⵖⵔⵉⴱ / المغرب,31.1728205,-7.3362482
http://www.wikidata.org/entity/Q191,EST,Estonia,Estonia,Europe,,892.0,130.0,Eesti,58.7523778,25.3319078
http://www.wikidata.org/entity/Q794,IRN,Iran,Iran,Asia,False,783.0,38.0,ایران,32.6475314,54.5643516
http://www.wikidata.org/entity/Q1039,STP,São Tomé and Príncipe,São Tomé and Príncipe,Africa,True,,,São Tomé e Príncipe,0.9713095,7.02255
,,Serbia and Montenegro,,,,,,,,
,,Guam,,,,,,"Guam, Chalan Pago-Ordot Municipality, Guam, United States",13.450125700000001,144.75755102972062
http://www.wikidata.org/entity/Q869,THA,Thailand,Thailand,Asia,False,777.0,62.0,ประเทศไทย,14.8971921,100.83273
,,Czechoslovakia,,,,,,"Czechoslovakia, Don Bosco, Parañaque, Southern Manila District, Metro Manila, 1711, Philippines",14.480176,121.0392436
,,French Southern Lands,,,,,,"Terres australes et antarctiques françaises, France",-49.237441950000004,69.62275903679347
http://www.wikidata.org/entity/Q1041,SEN,Senegal,Senegal,Africa,True,512.0,54.0,Sénégal,14.4750607,-14.4529612
http://www.wikidata.org/entity/Q756617,DNK,Denmark,Danish Realm,Europe,,0.94,133.0,Danmark,55.670249,10.3333283
http://www.wikidata.org/entity/Q826,MDV,Maldives,Maldives,Asia,True,0.74,74.0,ދިވެހިރާއްޖެ,3.7203503,73.2244152
http://www.wikidata.org/entity/Q916,AGO,Angola,Angola,Africa,True,581.0,51.0,Angola,-11.8775768,17.5691241
http://www.wikidata.org/entity/Q1006,GIN,Guinea,Guinea,Africa,True,477.0,49.0,Guinée,10.7226226,-10.7083587
http://www.wikidata.org/entity/Q1032,NER,Niger,Niger,Africa,True,394.0,50.0,Niger,17.7356214,9.3238432
http://www.wikidata.org/entity/Q784,DMA,Dominica,Dominica,Latin_America_and_Caribbean,True,742.0,81.0,República Dominicana,19.0974031,-70.3028026
http://www.wikidata.org/entity/Q811,NIC,Nicaragua,Nicaragua,Latin_America_and_Caribbean,True,0.66,74.0,Nicaragua,12.6090157,-85.2936911
http://www.wikidata.org/entity/Q912,MLI,Mali,Mali,Africa,True,434.0,48.0,Mali,16.3700359,-2.2900239
http://www.wikidata.org/entity/Q924,TZA,Tanzania,Tanzania,Africa,True,529.0,61.0,Tanzania,-6.5247123,35.7878438
http://www.wikidata.org/entity/Q211,LVA,Latvia,Latvia,Europe,,866.0,130.0,Latvija,56.8406494,24.7537645
http://www.wikidata.org/entity/Q817,KWT,Kuwait,Kuwait,Asia,True,806.0,83.0,الكويت,29.2733964,47.4979476
http://www.wikidata.org/entity/Q221,MKD,North Macedonia,North Macedonia,Europe,,774.0,77.0,Северна Македонија,41.6171214,21.7168387
,,Mayotte,,,,,,"Mayotte, France",-12.825543,45.148490830203045
http://www.wikidata.org/entity/Q77,URY,Uruguay,Uruguay,Latin_America_and_Caribbean,True,817.0,109.0,Uruguay,-32.8755548,-56.0201525
http://www.wikidata.org/entity/Q145,GBR,United Kingdom,United Kingdom,Europe,,932.0,132.0,United Kingdom,54.7023545,-3.2765753
http://www.wikidata.org/entity/Q963,BWA,Botswana,Botswana,Africa,True,735.0,67.0,Botswana,-23.1681782,24.5928742
http://www.wikidata.org/entity/Q881,VNM,Vietnam,Vietnam,Asia,True,704.0,49.0,Việt Nam,15.9266657,107.9650855
http://www.wikidata.org/entity/Q902,BGD,Bangladesh,Bangladesh,Asia,True,632.0,43.0,বাংলাদেশ,24.4769288,90.2934413
http://www.wikidata.org/entity/Q805,YEM,Yemen,Yemen,Asia,True,0.47,36.0,اليمن,16.3471243,47.8915271
,,New Caledonia,,,,,,"Nouvelle-Calédonie, France",-21.3019905,165.4880773
,,Wallis and Futuna,,,,,,"Wallis-et-Futuna, France",-13.289402,-176.204224
,,Hong Kong,,,,,96.0,"香港島 Hong Kong Island, 香港 Hong Kong, 中国",22.2793278,114.1628131
,,Puerto Rico,,,,,,"Puerto Rico, United States",18.2247706,-66.4858295
,,Antarctica,,,,,,Antarctica,-79.4063075,0.3149312
http://www.wikidata.org/entity/Q739,COL,Colombia,Colombia,Latin_America_and_Caribbean,True,767.0,77.0,Colombia,4.099917,-72.9088133
http://www.wikidata.org/entity/Q712,FJI,Fiji,Fiji,Oceania,,743.0,75.0,Viti,-18.1239696,179.0122737
,,Netherlands Antilles,,,,,,"Nederlandse Cariben, Nederland",12.1845,-68.6607922625
http://www.wikidata.org/entity/Q230,GEO,Georgia,Georgia,Asia,True,812.0,84.0,"Georgia, United States",32.3293809,-83.1137366
http://www.wikidata.org/entity/Q810,JOR,Jordan,Jordan,Asia,True,729.0,52.0,الأردن,31.1667049,36.941628
http://www.wikidata.org/entity/Q801,ISR,Israel,Israel,Asia,True,919.0,94.0,ישראל,30.8124247,34.8594762
http://www.wikidata.org/entity/Q34020,NIU,Niue,Niue,Oceania,,,,Niuē,-19.0536414,-169.861341
,,Curaçao,,,,,,"Curaçao, Nederland",12.21339425,-69.0408499890865
,,Neutral Zone,,,,,,"Neutral Zone, Gorham, Cumberland County, Maine, 04038, United States",43.6914083,-70.4611692
http://www.wikidata.org/entity/Q709,MHL,Marshall Islands,Marshall Islands,Oceania,,704.0,72.0,Marshall Islands,8.9995549,168.0002575
http://www.wikidata.org/entity/Q813,KGZ,Kyrgyzstan,Kyrgyzstan,Asia,True,697.0,60.0,Кыргызстан,41.5089324,74.724091
http://www.wikidata.org/entity/Q757,VCT,Saint Vincent and the Grenadines,Saint Vincent and the Grenadines,Latin_America_and_Caribbean,True,738.0,,Saint Vincent and the Grenadines,12.90447,-61.2765569
http://www.wikidata.org/entity/Q222,ALB,Albania,Albania,Europe,,795.0,71.0,Shqipëria,41.000028,19.9999619
http://www.wikidata.org/entity/Q227,AZE,Azerbaijan,Azerbaijan,Asia,True,756.0,66.0,Azərbaycan,40.3936294,47.7872508
http://www.wikidata.org/entity/Q229,CYP,Cyprus,Cyprus,Europe,,887.0,127.0,Κύπρος - Kıbrıs,34.9823018,33.1451285
http://www.wikidata.org/entity/Q971,COG,Congo,Republic of the Congo,Africa,True,574.0,44.0,République démocratique du Congo,-2.9814344,23.8222636
http://www.wikidata.org/entity/Q16641,ASM,American Samoa,American Samoa,Oceania,,,,"American Samoa, United States",-14.297124,-170.7131481
http://www.wikidata.org/entity/Q846,QAT,Qatar,Qatar,Asia,True,848.0,85.0,قطر,25.3336984,51.2295295
http://www.wikidata.org/entity/Q26988,COK,Cook Islands,Cook Islands,Oceania,,,,Kūki ʻĀirani,-19.99697155,-157.78587140620786
http://www.wikidata.org/entity/Q403,SRB,Serbia,Serbia,Europe,,806.0,82.0,Србија,44.1534121,20.55144
https://www.wikidata.org/wiki/Q219060,PSE,Palestine,State of Palestine,Asia,True,708.0,38.0,"الأراضي الفلسطينية, Palestinian Territory",31.462420950000002,34.262716572130714
,,European Union,,,,,,"Европейски съюз, бул. Черни връх, ж.к. Лозенец, Лозенец, София, Столична, София-град, 1421, България",42.6795427,23.3215483
,,Kosovo,,,,,46.0,Kosova / Kosovo,42.5869578,20.9021231
http://www.wikidata.org/entity/Q695,PLW,Palau,Palau,Oceania,,826.0,66.0,Belau,5.3783537,132.9102573
http://www.wikidata.org/entity/Q734,GUY,Guyana,Guyana,Latin_America_and_Caribbean,True,682.0,71.0,Guyana,4.8417097,-58.6416891
http://www.wikidata.org/entity/Q1027,MUS,Mauritius,Mauritius,Africa,True,804.0,85.0,Mauritius / Maurice,-20.2759451,57.5703566
http://www.wikidata.org/entity/Q657,TCD,Chad,Chad,Africa,True,398.0,47.0,Tchad تشاد,15.6134137,19.0156172
http://www.wikidata.org/entity/Q212,UKR,Ukraine,Ukraine,Europe,,779.0,90.0,Україна,49.4871968,31.2718321
http://www.wikidata.org/entity/Q183,DEU,Germany,Germany,Europe,,947.0,135.0,Deutschland,51.1638175,10.4478313
http://www.wikidata.org/entity/Q148,CHN,China,People's Republic of China,Asia,False,761.0,60.0,中国,35.000074,104.999927
http://www.wikidata.org/entity/Q1019,MDG,Madagascar,Madagascar,Africa,True,528.0,52.0,Madagasikara / Madagascar,-18.9249604,46.4416422
http://www.wikidata.org/entity/Q792,SLV,El Salvador,El Salvador,Latin_America_and_Caribbean,True,673.0,76.0,El Salvador,13.8000382,-88.9140683
,,Yugoslavia,,,,,,"Yugoslavia, Reynold García (Pastorita), Peñas Altas, Ciudad de Matanzas, Matanzas, Cuba",23.04123655,-81.52614194734898
http://www.wikidata.org/entity/Q189,ISL,Iceland,Iceland,Europe,,949.0,129.0,Ísland,64.9841821,-18.1059013
,,"Bonaire, Sint Eustatius and Saba",,,,,,,,
,,Canton and Enderbury Islands,,,,,,,,
http://www.wikidata.org/entity/Q79,EGY,Egypt,Egypt,Africa,True,707.0,49.0,مصر,26.2540493,29.2675469
http://www.wikidata.org/entity/Q238,SMR,San Marino,San Marino,Europe,,,120.0,San Marino,43.9458623,12.458306
http://www.wikidata.org/entity/Q691,PNG,Papua New Guinea,Papua New Guinea,Oceania,,555.0,64.0,Papua Niugini,-5.6816069,144.2489081
http://www.wikidata.org/entity/Q945,TGO,Togo,Togo,Africa,True,515.0,50.0,Togo,8.7800265,1.0199765
,,Christmas Island,,,,,,"Christmas Island, Flying Fish Cove, Shire of Christmas Island, Christmas Island, 6798, Australia",-10.49131475,105.61713690269079
http://www.wikidata.org/entity/Q29999,NLD,Netherlands,Kingdom of the Netherlands,Europe,,944.0,133.0,Nederland,52.2434979,5.6343227
http://www.wikidata.org/entity/Q1029,MOZ,Mozambique,Mozambique,Africa,True,456.0,55.0,Moçambique,-19.302233,34.9144977
http://www.wikidata.org/entity/Q1025,MRT,Mauritania,Mauritania,Africa,True,546.0,51.0,موريتانيا,20.2540382,-9.2399263
http://www.wikidata.org/entity/Q833,MYS,Malaysia,Malaysia,Asia,True,0.81,102.0,Malaysia,4.5693754,102.2656823
http://www.wikidata.org/entity/Q863,TJK,Tajikistan,Tajikistan,Asia,True,668.0,56.0,Тоҷикистон,38.6281733,70.8156541
http://www.wikidata.org/entity/Q750,BOL,Bolivia,Bolivia,Latin_America_and_Caribbean,True,718.0,68.0,Bolivia,-17.0568696,-64.9912286
,,Southern Rhodesia,,,,,,"Rhodesia, Chateau Ville, Don Bosco, Parañaque, Southern Manila District, Metro Manila, 1711, Philippines",14.486479,121.0284087
http://www.wikidata.org/entity/Q1008,CIV,Côte d’Ivoire,Ivory Coast,Africa,True,538.0,55.0,Côte d’Ivoire,7.9897371,-5.5679458
,,Gibraltar,,,,,,Gibraltar,36.1285933,-5.3474761
,,Provisional data,,,,,,,,
http://www.wikidata.org/entity/Q114,KEN,Kenya,Kenya,Africa,True,601.0,61.0,Kenya,1.4419683,38.4313975
